<?xml version="1.0" encoding="UTF-8"?>
<!DOCTYPE language SYSTEM "language.dtd">
<!--

*************************************************************************
*                                                                       *
*               Syntax highlighting for the z80 Assembler               *
*                   by Guillaume Hoffmann                               *
*                                                                       *
*************************************************************************

This file contains the XML syntax highlighting description for asm z80
syntax using tpasm, for Kate, the KDE Advanced Editor.

This file may be used, modified, redistributed for any purpose.
-->

<language name="z80 asm" version="0.01" kateversion="2.1" section="Sources" extensions="*.inc;*.z80;*.asm" mimetype="text/x-asm" author="Guillaume Hoffmann">
<highlighting>
    <list name="keywords1">
      <item>adc</item>
      <item>add</item>
      <item>and</item>
      <item>bit</item>
      <item>call</item>
      <item>ccf</item>
      <item>cp</item>
      <item>cpd</item>
      <item>cpdr</item>
      <item>cpi</item>
      <item>cpir</item>
      <item>cpl</item>
      <item>daa</item>
      <item>dec</item>
      <item>di</item>
      <item>djnz</item>
      <item>ei</item>
      <item>ex</item>
      <item>exx</item>
      <item>halt</item>
      <item>im</item>
      <item>in</item>
      <item>inc</item>
      <item>ind</item>
      <item>indr</item>
      <item>ini</item>
      <item>inir</item>
      <item>jp</item>
      <item>jr</item>
      <item>ld</item>
      <item>ldd</item>
      <item>lddr</item>
      <item>ldi</item>
      <item>ldir</item>
      <item>neg</item>
      <item>nop</item>
      <item>or</item>
      <item>otdr</item>
      <item>otir</item>
      <item>out</item>
      <item>outd</item>
      <item>outi</item>
      <item>pop</item>
      <item>push</item>
      <item>res</item>
      <item>ret</item>
      <item>reti</item>
      <item>retn</item>
      <item>rl</item>
      <item>rla</item>
      <item>rlc</item> 
      <item>rlca</item>
      <item>rld</item>
      <item>rr</item>
      <item>rra</item>
      <item>rrc</item>
      <item>rrca</item>
      <item>rrd</item>
      <item>rst</item>
      <item>sbc</item>
      <item>scf</item>
      <item>set</item>
      <item>sla</item>
      <item>sll</item>
      <item>sra</item>
      <item>srl</item>
      <item>sub</item>
      <item>xor</item>
    </list>

    <list name="keywords2">
      <item>INCLUDE</item>
      <item>SEG</item>
      <item>SEGU</item>
      <item>ORG</item>
      <item>RORG</item>
      <item>ALIGN</item>
      <item>EQU</item>
      <item>SET</item>
      <item>UNSET</item>
      <item>ALIAS</item>
      <item>UNALIAS</item>
      <item>MACRO</item>
      <item>ENDM</item>
      <item>IF</item>
      <item>IFDEF</item>
      <item>IFNDEF</item>
      <item>ELSE</item>
      <item>ENDIF</item>
      <item>SWITCH</item>
      <item>CASE</item>
      <item>BREAK</item>
      <item>ENDS</item>
      <item>REPEAT</item>
      <item>ENDR</item>
      <item>ERROR</item>
      <item>WARNING</item>
      <item>MESSG</item>
      <item>MESSAGE</item>
      <item>LIST</item>
      <item>NOLIST</item>
      <item>EXPAND</item>
      <item>NOEXPAND</item>
      <item>PROCESSOR</item>
      <item>END</item>    
    </list>
    
    <list name="keywords3">
      <item>DB</item>
      <item>DW</item>
      <item>DS</item>
    </list>
    
    <list name="registers">
      <item>a</item>
      <item>b</item>
      <item>c</item>
      <item>d</item>
      <item>e</item>
      <item>h</item>
      <item>l</item>
      <item>r</item>
      <item>i</item>
      <item>af</item>
      <item>bc</item>
      <item>de</item>
      <item>hl</item>
      <item>ix</item>
      <item>iy</item>
      <item>sp</item>
    </list>
    
    
    <contexts>
      <context attribute="Normal Text" lineEndContext="#stay" name="Normal">
        <keyword      attribute="Keyword1" context="#stay" String="keywords1"/>
        <keyword      attribute="Keyword2" context="#stay" String="keywords2"/>
        <keyword      attribute="Keyword3" context="#stay" String="keywords3"/>
        <keyword      attribute="Registers" context="#stay" String="registers"/>
        <RegExpr      attribute="Number" context="#stay" String= "\$[A-Za-z0-9]*"/>
        <RegExpr      attribute="Number" context="#stay" String="0[bB][01]+" />
        <Int          attribute="Number" context="#stay" />
        <RegExpr      attribute="Normal Text" context="#stay" String="[A-Za-z_.][A-Za-z0-9_.]*" />
        <DetectChar   attribute="String" context="String" char="&quot;" />
        <DetectChar   attribute="Comment" context="Commentar" char=";" />
        <Detect2Chars attribute="Comment" context="Commentar" char="/" char1="/" />
        <AnyChar      attribute="Symbol" context="#stay" String="!#%&amp;*()+,-&lt;=&gt;?/:[]^{|}~" />
      </context>

      <context attribute="Comment" lineEndContext="#pop" name="Commentar" />


      <context attribute="String" lineEndContext="#pop" name="String">
        <LineContinue  attribute="String" context="Some Context" />
        <HlCStringChar attribute="String Char" context="#stay" />
        <DetectChar    attribute="String" context="#pop" char="&quot;" />
      </context>
      <context attribute="Normal Text" lineEndContext="#pop" name="Some Context" />
    </contexts>

    <itemDatas>
      <itemData name="Normal Text"  defStyleNum="dsNormal"   />
      <itemData name="Keyword1"     defStyleNum="dsNormal" color="#286a1e" selColor="#00ff00" />
      <itemData name="Keyword2"     defStyleNum="dsKeyword"  />
      <itemData name="Keyword3"     defStyleNum="dsNormal" color="#452f0c" selColor="#ffaf2d" />
      <itemData name="Registers"    defStyleNum="dsNormal" color="#5e3988" selColor="#e2b9ff" />
      
      <itemData name="Number"       defStyleNum="dsDecVal"   />
      <itemData name="String"       defStyleNum="dsString"   />
      <itemData name="String Char"  defStyleNum="dsChar"     />
      <itemData name="Symbol"       defStyleNum="dsNormal"   />
      <itemData name="Comment"      defStyleNum="dsComment"  />
    </itemDatas>
  </highlighting>

  <general>
    <comments>
      <comment name="singleLine" start=";" />
      <comment name="multiLine"  start="/*" end="*/" />
    </comments>
    <keywords casesensitive="0" />
  </general>
</language>
